id,url,min_price,max_price
0,https://m.ua/m1_magazilla.php?katalog_=206,10000,20000
1,https://m.ua/m1_magazilla.php?katalog_=355,1000,3000
Nikon D3200 kit 18-55,12 000 грн.
Canon EOS 1300D kit 18-55,13 999 грн.
Sony RX100 III,17 448 грн.
Panasonic DMC-TZ80,10 511 грн.
Sony WX500,9 800 грн.
Panasonic DMC-FZ300,11 905 грн.
Canon EOS M200 kit 15-45,19 999 грн.
Canon EOS 2000D kit 18-55,15 200 грн.
Nikon D3100 kit 18-55,11 459 грн.
Panasonic DMC-FZ82,19 421 грн.
Olympus TG-6,14 700 грн.
Panasonic DMC-TZ100,16 550 грн.
Panasonic DMC-LX15,17 500 грн.
Panasonic DMC-GX80 Body,17 361 грн.
Nikon D3400 body,19 900 грн.
Panasonic DMC-FZ1000,14 000 грн.
Canon EOS M10 kit 15-45,18 031 грн.
Nikon D7000 body,13 599 грн.
Olympus E-PL10 kit,14 630 грн.
Panasonic DC-TZ90,19 332 грн.
Canon EOS 4000D kit 18-55,19 399 грн.
Panasonic DMC-GX80 kit 12-32,7 095 грн.
Sony H300,9 999 грн.
Canon PowerShot Zoom,13 000 грн.
Canon EOS 4000D body,19 089 грн.
Canon PowerShot SX60 HS,12 857 грн.
Canon EOS 1200D kit 18-55,19 459 грн.
Panasonic DMC-G7 kit 14-42,19 000 грн.
Canon Digital IXUS 285 HS,19 000 грн.
Canon EOS 1300D body,7 027 грн.
Kodak AZ252,10 734 грн.
Olympus E-P2,14 633 грн.
Canon EOS 600D body,8 571 грн.
Nikon D90 kit 18-105,15 598 грн.
Nikon D5300 body,18 340 грн.
Olympus E-PL3 kit 14-42,10 232 грн.
Canon EOS 650D body,17 927 грн.
Canon EOS 4000D kit 18-55 + 75-300,18 000 грн.
Nikon D3300 kit 18-55,17 529 грн.
Kodak AZ528,11 699 грн.
Kodak AZ405,10 502 грн.
Kodak AZ652,18 031 грн.
Ricoh WG-80,13 629 грн.
Panasonic DC-GX880 kit 12-32,19 498 грн.
Olympus E-PL10 body,8 958 грн.
Kodak AZ255,7 799 грн.
Kodak AZ401,9 151 грн.
Kodak AZ422,12 201 грн.
Olympus E-P3,17 000 грн.
Canon EOS 700D body,13 629 грн.
Nikon D3200 kit 18-55,12 000 грн.
Canon EOS 1300D kit 18-55,13 999 грн.
Sony RX100 III,17 448 грн.
Panasonic DMC-TZ80,10 511 грн.
Sony WX500,9 800 грн.
Panasonic DMC-FZ300,11 905 грн.
Canon EOS M200 kit 15-45,19 999 грн.
Canon EOS 2000D kit 18-55,15 200 грн.
Nikon D3100 kit 18-55,11 459 грн.
Panasonic DMC-FZ82,19 421 грн.
Olympus TG-6,14 700 грн.
Panasonic DMC-TZ100,16 550 грн.
Panasonic DMC-LX15,17 500 грн.
Panasonic DMC-GX80 Body,17 361 грн.
Nikon D3400 body,19 900 грн.
Panasonic DMC-FZ1000,14 000 грн.
Canon EOS M10 kit 15-45,18 031 грн.
Nikon D7000 body,13 599 грн.
Olympus E-PL10 kit,14 630 грн.
Panasonic DC-TZ90,19 332 грн.
Canon EOS 4000D kit 18-55,19 399 грн.
Panasonic DMC-GX80 kit 12-32,7 095 грн.
Sony H300,9 999 грн.
Canon PowerShot Zoom,13 000 грн.
Canon EOS 4000D body,19 089 грн.
Canon PowerShot SX60 HS,12 857 грн.
Canon EOS 1200D kit 18-55,19 459 грн.
Panasonic DMC-G7 kit 14-42,19 000 грн.
Canon Digital IXUS 285 HS,19 000 грн.
Canon EOS 1300D body,7 027 грн.
Kodak AZ252,10 734 грн.
Olympus E-P2,14 633 грн.
Canon EOS 600D body,8 571 грн.
Nikon D90 kit 18-105,15 598 грн.
Nikon D5300 body,18 340 грн.
Olympus E-PL3 kit 14-42,10 232 грн.
Canon EOS 650D body,17 927 грн.
Canon EOS 4000D kit 18-55 + 75-300,18 000 грн.
Nikon D3300 kit 18-55,17 529 грн.
Kodak AZ528,11 699 грн.
Kodak AZ405,10 502 грн.
Kodak AZ652,18 031 грн.
Ricoh WG-80,13 629 грн.
Panasonic DC-GX880 kit 12-32,19 498 грн.
Olympus E-PL10 body,8 958 грн.
Kodak AZ255,7 799 грн.
Kodak AZ401,9 151 грн.
Kodak AZ422,12 201 грн.
Olympus E-P3,17 000 грн.
Canon EOS 700D body,13 629 грн.
Nikon D3200 kit 18-55,12 000 грн.
Canon EOS 1300D kit 18-55,13 999 грн.
Sony RX100 III,17 448 грн.
Panasonic DMC-TZ80,10 511 грн.
Sony WX500,9 800 грн.
Panasonic DMC-FZ300,11 905 грн.
Canon EOS M200 kit 15-45,19 999 грн.
Canon EOS 2000D kit 18-55,15 200 грн.
Nikon D3100 kit 18-55,11 459 грн.
Panasonic DMC-FZ82,19 421 грн.
Olympus TG-6,14 700 грн.
Panasonic DMC-TZ100,16 550 грн.
Panasonic DMC-LX15,17 500 грн.
Panasonic DMC-GX80 Body,17 361 грн.
Nikon D3400 body,19 900 грн.
Panasonic DMC-FZ1000,14 000 грн.
Canon EOS M10 kit 15-45,18 031 грн.
Nikon D7000 body,13 599 грн.
Olympus E-PL10 kit,14 630 грн.
Panasonic DC-TZ90,19 332 грн.
Canon EOS 4000D kit 18-55,19 399 грн.
Panasonic DMC-GX80 kit 12-32,7 095 грн.
Sony H300,9 999 грн.
Canon PowerShot Zoom,13 000 грн.
Canon EOS 4000D body,19 089 грн.
Canon PowerShot SX60 HS,12 857 грн.
Canon EOS 1200D kit 18-55,19 459 грн.
Panasonic DMC-G7 kit 14-42,19 000 грн.
Canon Digital IXUS 285 HS,19 000 грн.
Canon EOS 1300D body,7 027 грн.
Kodak AZ252,10 734 грн.
Olympus E-P2,14 633 грн.
Canon EOS 600D body,8 571 грн.
Nikon D90 kit 18-105,15 598 грн.
Nikon D5300 body,18 340 грн.
Olympus E-PL3 kit 14-42,10 232 грн.
Canon EOS 650D body,17 927 грн.
Canon EOS 4000D kit 18-55 + 75-300,18 000 грн.
Nikon D3300 kit 18-55,17 529 грн.
Kodak AZ528,11 699 грн.
Kodak AZ405,10 502 грн.
Kodak AZ652,18 031 грн.
Ricoh WG-80,13 629 грн.
Panasonic DC-GX880 kit 12-32,19 498 грн.
Olympus E-PL10 body,8 958 грн.
Kodak AZ255,7 799 грн.
Kodak AZ401,9 151 грн.
Kodak AZ422,12 201 грн.
Olympus E-P3,17 000 грн.
Canon EOS 700D body,13 629 грн.
